{"polyfill":["/polyfill-16a2119e3b7976ac6932.js"],"app":["/app-8ed6043dc2653522322b.js"],"component---src-pages-404-js":["/component---src-pages-404-js-fc35e159d7d66ae84b4e.js"],"component---src-pages-about-us-js":["/component---src-pages-about-us-js-fee309bfec9eed9de688.js"],"component---src-pages-contacts-js":["/component---src-pages-contacts-js-c5ce42a71fe8ea7405cb.js"],"component---src-pages-events-js":["/component---src-pages-events-js-74ab292520df13657d4e.js"],"component---src-pages-index-js":["/component---src-pages-index-js-d2b1c01a7c107f1a2f5d.js"],"component---src-pages-our-partners-js":["/component---src-pages-our-partners-js-db3b20097e0c198a53ed.js"],"component---src-pages-product-services-js":["/component---src-pages-product-services-js-386dadc395fa4a8e1c07.js"],"component---src-pages-products-sound-moderators-js":["/component---src-pages-products-sound-moderators-js-ac40a99e5a09c074941c.js"],"component---src-pages-products-weapon-js":["/component---src-pages-products-weapon-js-b1821d8423f3eb145edb.js"],"component---src-pages-products-weapon-product-details-js":["/component---src-pages-products-weapon-product-details-js-9d3eb61b0d7e72a6ea91.js"]}