{"name":"build-javascript","namedChunkGroups":{"polyfill":{"name":"polyfill","assets":[{"name":"webpack-runtime-6b9db1cfa1810684bc41.js","size":5756},{"name":"polyfill-16a2119e3b7976ac6932.js","size":85828}],"filteredAssets":0,"assetsSize":91584,"filteredAuxiliaryAssets":2,"auxiliaryAssetsSize":228916},"app":{"name":"app","assets":[{"name":"webpack-runtime-6b9db1cfa1810684bc41.js","size":5756},{"name":"framework-3adf21b6b1c1eab72089.js","size":130469},{"name":"app-8ed6043dc2653522322b.js","size":70215}],"filteredAssets":0,"assetsSize":206440,"filteredAuxiliaryAssets":3,"auxiliaryAssetsSize":669739},"component---src-pages-404-js":{"name":"component---src-pages-404-js","assets":[{"name":"component---src-pages-404-js-fc35e159d7d66ae84b4e.js","size":791}],"filteredAssets":0,"assetsSize":791,"filteredAuxiliaryAssets":1,"auxiliaryAssetsSize":1863},"component---src-pages-about-us-js":{"name":"component---src-pages-about-us-js","assets":[{"name":"framework-3adf21b6b1c1eab72089.js","size":130469},{"name":"styles.1c88f7d88b086d4132bb.css","size":196446},{"name":"610a426616c8892f8f220e2f6515ea37e4ecef7c-14f69060cd4f89ad0cbf.js","size":62311},{"name":"component---src-pages-about-us-js-fee309bfec9eed9de688.js","size":4446}],"filteredAssets":0,"assetsSize":393672,"filteredAuxiliaryAssets":3,"auxiliaryAssetsSize":565501},"component---src-pages-contacts-js":{"name":"component---src-pages-contacts-js","assets":[{"name":"framework-3adf21b6b1c1eab72089.js","size":130469},{"name":"styles.1c88f7d88b086d4132bb.css","size":196446},{"name":"610a426616c8892f8f220e2f6515ea37e4ecef7c-14f69060cd4f89ad0cbf.js","size":62311},{"name":"component---src-pages-contacts-js-c5ce42a71fe8ea7405cb.js","size":18305}],"filteredAssets":0,"assetsSize":407531,"filteredAuxiliaryAssets":3,"auxiliaryAssetsSize":626694},"component---src-pages-events-js":{"name":"component---src-pages-events-js","assets":[{"name":"framework-3adf21b6b1c1eab72089.js","size":130469},{"name":"styles.1c88f7d88b086d4132bb.css","size":196446},{"name":"610a426616c8892f8f220e2f6515ea37e4ecef7c-14f69060cd4f89ad0cbf.js","size":62311},{"name":"4041ea02ec6f685f1895b2d9c8b201bd32ba0322-4cbdc6dc1a7b5ee82f01.js","size":62829},{"name":"component---src-pages-events-js-74ab292520df13657d4e.js","size":8234}],"filteredAssets":0,"assetsSize":460289,"filteredAuxiliaryAssets":4,"auxiliaryAssetsSize":819437},"component---src-pages-index-js":{"name":"component---src-pages-index-js","assets":[{"name":"framework-3adf21b6b1c1eab72089.js","size":130469},{"name":"styles.1c88f7d88b086d4132bb.css","size":196446},{"name":"610a426616c8892f8f220e2f6515ea37e4ecef7c-14f69060cd4f89ad0cbf.js","size":62311},{"name":"component---src-pages-index-js-d2b1c01a7c107f1a2f5d.js","size":14124}],"filteredAssets":0,"assetsSize":403350,"filteredAuxiliaryAssets":4,"auxiliaryAssetsSize":4454352},"component---src-pages-our-partners-js":{"name":"component---src-pages-our-partners-js","assets":[{"name":"framework-3adf21b6b1c1eab72089.js","size":130469},{"name":"styles.1c88f7d88b086d4132bb.css","size":196446},{"name":"610a426616c8892f8f220e2f6515ea37e4ecef7c-14f69060cd4f89ad0cbf.js","size":62311},{"name":"component---src-pages-our-partners-js-db3b20097e0c198a53ed.js","size":7300}],"filteredAssets":0,"assetsSize":396526,"filteredAuxiliaryAssets":3,"auxiliaryAssetsSize":566936},"component---src-pages-product-services-js":{"name":"component---src-pages-product-services-js","assets":[{"name":"framework-3adf21b6b1c1eab72089.js","size":130469},{"name":"styles.1c88f7d88b086d4132bb.css","size":196446},{"name":"610a426616c8892f8f220e2f6515ea37e4ecef7c-14f69060cd4f89ad0cbf.js","size":62311},{"name":"component---src-pages-product-services-js-386dadc395fa4a8e1c07.js","size":8259}],"filteredAssets":0,"assetsSize":397485,"filteredAuxiliaryAssets":3,"auxiliaryAssetsSize":567279},"component---src-pages-products-sound-moderators-js":{"name":"component---src-pages-products-sound-moderators-js","assets":[{"name":"framework-3adf21b6b1c1eab72089.js","size":130469},{"name":"styles.1c88f7d88b086d4132bb.css","size":196446},{"name":"610a426616c8892f8f220e2f6515ea37e4ecef7c-14f69060cd4f89ad0cbf.js","size":62311},{"name":"98a611c1bff61fc3135682836984b076f6cf78a3-7821eb7f5070a9400d28.js","size":14175},{"name":"component---src-pages-products-sound-moderators-js-ac40a99e5a09c074941c.js","size":6190}],"filteredAssets":0,"assetsSize":409591,"filteredAuxiliaryAssets":7,"auxiliaryAssetsSize":1090272},"component---src-pages-products-weapon-js":{"name":"component---src-pages-products-weapon-js","assets":[{"name":"framework-3adf21b6b1c1eab72089.js","size":130469},{"name":"styles.1c88f7d88b086d4132bb.css","size":196446},{"name":"610a426616c8892f8f220e2f6515ea37e4ecef7c-14f69060cd4f89ad0cbf.js","size":62311},{"name":"98a611c1bff61fc3135682836984b076f6cf78a3-7821eb7f5070a9400d28.js","size":14175},{"name":"component---src-pages-products-weapon-js-b1821d8423f3eb145edb.js","size":23368}],"filteredAssets":0,"assetsSize":426769,"filteredAuxiliaryAssets":14,"auxiliaryAssetsSize":1809579},"component---src-pages-products-weapon-product-details-js":{"name":"component---src-pages-products-weapon-product-details-js","assets":[{"name":"framework-3adf21b6b1c1eab72089.js","size":130469},{"name":"styles.1c88f7d88b086d4132bb.css","size":196446},{"name":"610a426616c8892f8f220e2f6515ea37e4ecef7c-14f69060cd4f89ad0cbf.js","size":62311},{"name":"4041ea02ec6f685f1895b2d9c8b201bd32ba0322-4cbdc6dc1a7b5ee82f01.js","size":62829},{"name":"component---src-pages-products-weapon-product-details-js-9d3eb61b0d7e72a6ea91.js","size":7049}],"filteredAssets":0,"assetsSize":459104,"filteredAuxiliaryAssets":4,"auxiliaryAssetsSize":817833}},"assetsByChunkName":{"polyfill":["webpack-runtime-6b9db1cfa1810684bc41.js","polyfill-16a2119e3b7976ac6932.js"],"app":["webpack-runtime-6b9db1cfa1810684bc41.js","framework-3adf21b6b1c1eab72089.js","app-8ed6043dc2653522322b.js"],"component---src-pages-404-js":["component---src-pages-404-js-fc35e159d7d66ae84b4e.js"],"component---src-pages-about-us-js":["framework-3adf21b6b1c1eab72089.js","styles.1c88f7d88b086d4132bb.css","610a426616c8892f8f220e2f6515ea37e4ecef7c-14f69060cd4f89ad0cbf.js","component---src-pages-about-us-js-fee309bfec9eed9de688.js"],"component---src-pages-contacts-js":["framework-3adf21b6b1c1eab72089.js","styles.1c88f7d88b086d4132bb.css","610a426616c8892f8f220e2f6515ea37e4ecef7c-14f69060cd4f89ad0cbf.js","component---src-pages-contacts-js-c5ce42a71fe8ea7405cb.js"],"component---src-pages-events-js":["framework-3adf21b6b1c1eab72089.js","styles.1c88f7d88b086d4132bb.css","610a426616c8892f8f220e2f6515ea37e4ecef7c-14f69060cd4f89ad0cbf.js","4041ea02ec6f685f1895b2d9c8b201bd32ba0322-4cbdc6dc1a7b5ee82f01.js","component---src-pages-events-js-74ab292520df13657d4e.js"],"component---src-pages-index-js":["framework-3adf21b6b1c1eab72089.js","styles.1c88f7d88b086d4132bb.css","610a426616c8892f8f220e2f6515ea37e4ecef7c-14f69060cd4f89ad0cbf.js","component---src-pages-index-js-d2b1c01a7c107f1a2f5d.js"],"component---src-pages-our-partners-js":["framework-3adf21b6b1c1eab72089.js","styles.1c88f7d88b086d4132bb.css","610a426616c8892f8f220e2f6515ea37e4ecef7c-14f69060cd4f89ad0cbf.js","component---src-pages-our-partners-js-db3b20097e0c198a53ed.js"],"component---src-pages-product-services-js":["framework-3adf21b6b1c1eab72089.js","styles.1c88f7d88b086d4132bb.css","610a426616c8892f8f220e2f6515ea37e4ecef7c-14f69060cd4f89ad0cbf.js","component---src-pages-product-services-js-386dadc395fa4a8e1c07.js"],"component---src-pages-products-sound-moderators-js":["framework-3adf21b6b1c1eab72089.js","styles.1c88f7d88b086d4132bb.css","610a426616c8892f8f220e2f6515ea37e4ecef7c-14f69060cd4f89ad0cbf.js","98a611c1bff61fc3135682836984b076f6cf78a3-7821eb7f5070a9400d28.js","component---src-pages-products-sound-moderators-js-ac40a99e5a09c074941c.js"],"component---src-pages-products-weapon-js":["framework-3adf21b6b1c1eab72089.js","styles.1c88f7d88b086d4132bb.css","610a426616c8892f8f220e2f6515ea37e4ecef7c-14f69060cd4f89ad0cbf.js","98a611c1bff61fc3135682836984b076f6cf78a3-7821eb7f5070a9400d28.js","component---src-pages-products-weapon-js-b1821d8423f3eb145edb.js"],"component---src-pages-products-weapon-product-details-js":["framework-3adf21b6b1c1eab72089.js","styles.1c88f7d88b086d4132bb.css","610a426616c8892f8f220e2f6515ea37e4ecef7c-14f69060cd4f89ad0cbf.js","4041ea02ec6f685f1895b2d9c8b201bd32ba0322-4cbdc6dc1a7b5ee82f01.js","component---src-pages-products-weapon-product-details-js-9d3eb61b0d7e72a6ea91.js"]},"childAssetsByChunkName":{}}